{
  "timestamp": "2025-06-10 04:54:05",
  "configuration": {
    "grid_size": 96,
    "dt": 0.001,
    "total_steps": 1000
  },
  "final_fields": {
    "phi_mean": 5.863801561645232e-05,
    "phi_std": 4.161610377195757e-06,
    "phi_max": 7.819780148565769e-05,
    "pi_mean": 1.779783815436531e-05,
    "pi_std": 1.0196844414167572e-05,
    "f3d_mean": 0.33466392755508423,
    "f3d_range": [
      0.20000000298023224,
      0.6151517629623413
    ],
    "R3d_mean": -4.275817200305454e-11,
    "R3d_range": [
      -6.216903436495613e-09,
      3.618499055946245e-09
    ]
  },
  "performance_metrics": {
    "batch_times": [
      3.0864408016204834,
      2.818239450454712,
      2.823098659515381,
      2.7928457260131836,
      2.8190393447875977,
      2.673962354660034,
      2.701478958129883,
      2.606077194213867,
      2.6107940673828125,
      2.6331427097320557,
      2.6722960472106934,
      2.6945977210998535,
      2.79349684715271,
      2.6820390224456787,
      2.6444473266601562,
      2.630767822265625,
      2.6043224334716797,
      3.2592809200286865,
      2.7873635292053223,
      2.7437961101531982
    ],
    "memory_usage": [
      52.4,
      52.2,
      52.0,
      52.0,
      51.8,
      51.8,
      51.5,
      51.4,
      51.5,
      51.4,
      51.3,
      51.2,
      51.2,
      51.2,
      51.2,
      51.2,
      51.2,
      51.7,
      51.7,
      51.7
    ],
    "cpu_utilization": [
      41.4,
      64.3,
      63.7,
      64.6,
      64.3,
      58.0,
      61.1,
      59.2,
      53.2,
      55.2,
      58.8,
      58.6,
      65.8,
      56.6,
      58.9,
      56.0,
      55.3,
      77.8,
      62.2,
      57.4
    ],
    "creation_rates": [
      1.6206606233026832e-05,
      1.7771375496522523e-05,
      1.7777982066036202e-05,
      1.8023212760454044e-05,
      1.7922871847986244e-05,
      1.8981885659741238e-05,
      1.888998485810589e-05,
      1.9703085854416713e-05,
      1.9805365809588693e-05,
      1.9790448277490214e-05,
      1.9667861124617048e-05,
      1.9687460735440254e-05,
      1.918237830977887e-05,
      2.01962684514001e-05,
      2.072050847345963e-05,
      2.1084209947730415e-05,
      2.1574925995082594e-05,
      1.74750603036955e-05,
      2.072660208796151e-05,
      2.1371126422309317e-05
    ]
  }
}