{
  "framework": "Maximum Performance Desktop",
  "grid_size": 80,
  "total_points": 512000,
  "backend": "optimized_numpy",
  "numexpr_enabled": true,
  "cpu_cores": 12,
  "memory_estimate_mb": 31.25,
  "initialization_time_s": 0.0,
  "benchmark_time_s": 0.9745111465454102,
  "avg_step_time_s": 0.014446368217468262,
  "min_step_time_s": 0.01224064826965332,
  "max_step_time_s": 0.0187835693359375,
  "step_time_std_s": 0.0012829842112275322,
  "stable_steps": 50,
  "total_steps": 50,
  "stability_score": 1.0,
  "points_per_second": 26269581.513511293,
  "points_per_second_millions": 26.26958151351129,
  "efficiency_points_per_core": 2189131.7927926076,
  "cpu_usage_percent": 68.5,
  "memory_usage_mb": 16260.62109375,
  "gpu_enabled": true,
  "gpu_usage_percent": 24.0,
  "gpu_memory_used_mb": 1493.0,
  "gpu_memory_total_mb": 8192.0,
  "gpu_temperature": 37.0,
  "timestamp": "2025-06-10 05:30:28"
}