{
  "config": {
    "alpha_0": 0.1,
    "E_0": 1.0,
    "mu_g_range": [
      0.1,
      0.2,
      0.30000000000000004,
      0.4,
      0.5,
      0.6
    ],
    "b_range": [
      0.0,
      1.0,
      2.0,
      3.0,
      4.0,
      5.0,
      6.0,
      7.0,
      8.0,
      9.0,
      10.0
    ]
  },
  "running_coupling_formula": "alpha_eff(E) = alpha_0 / (1 - (b/(2*pi)) * alpha_0 * ln(E/E_0))",
  "schwinger_formula": "Gamma = (alpha_eff * e * E)^2 / (4*pi^3) * exp(-pi*m^2*c^3/(e*E) * F(mu_g))",
  "parameter_sweep_results": {
    "yield_curves": [
      [
        0.0010743196343724944,
        0.001131546312339864,
        0.0011934703253554055,
        0.001260620195327418,
        0.001333600923745544,
        0.0014131076668133452,
        0.001499942350731964,
        0.0015950339724015161,
        0.001699463550264658,
        0.0018144949837001886,
        0.0019416134758626826
      ],
      [
        0.001067449375048813,
        0.0011243100891956492,
        0.0011858380989974652,
        0.001252558546472207,
        0.0013250725641332905,
        0.0014040708626698922,
        0.0014903502399760992,
        0.0015848337520295956,
        0.0016885955041749275,
        0.0018028913131717048,
        0.0019291968843207035
      ],
      [
        0.001051043995745052,
        0.0011070308309006538,
        0.0011676132311380274,
        0.0012333082676905043,
        0.0013047078344067685,
        0.0013824920266052732,
        0.0014674453963799885,
        0.0015604768134775831,
        0.0016626438755692632,
        0.0017751830990611435,
        0.001899547509485042
      ],
      [
        0.0010251644654743798,
        0.0010797727541552058,
        0.0011388634527443513,
        0.0012029409007905663,
        0.001272582418123906,
        0.0013484513542867636,
        0.0014313129435902707,
        0.0015220536769632567,
        0.0016217051111775396,
        0.0017314733162793364,
        0.0018527755404035282
      ],
      [
        0.0009941358139927885,
        0.0010470912736744165,
        0.0011043934741697679,
        0.0011665314901831573,
        0.0012340651678061283,
        0.0013076377789813785,
        0.0013879913966741843,
        0.0014759856803936394,
        0.0015726209647841524,
        0.0016790668157714926,
        0.0017966975856431712
      ],
      [
        0.0009656985152902786,
        0.0010171391817176058,
        0.0010728022502464176,
        0.0011331628055775917,
        0.0011987646793805897,
        0.001270232742775883,
        0.0013482878416989242,
        0.0014337650450607232,
        0.0015276360728891697,
        0.0016310370356252637,
        0.0017453029721488586
      ]
    ],
    "gain_factors": [
      [
        1.0,
        1.0532678321576012,
        1.110908045585992,
        1.1734125999323664,
        1.2413446436958164,
        1.3153512433371242,
        1.3961788491449048,
        1.4846921915684514,
        1.5818975060037022,
        1.688971257385636,
        1.807295905000164
      ],
      [
        1.0,
        1.053267832157601,
        1.1109080455859919,
        1.1734125999323661,
        1.2413446436958162,
        1.315351243337124,
        1.3961788491449043,
        1.484692191568451,
        1.581897506003702,
        1.6889712573856357,
        1.8072959050001636
      ],
      [
        1.0,
        1.0532678321576012,
        1.110908045585992,
        1.1734125999323664,
        1.2413446436958162,
        1.3153512433371244,
        1.3961788491449045,
        1.4846921915684512,
        1.581897506003702,
        1.6889712573856361,
        1.8072959050001638
      ],
      [
        1.0,
        1.053267832157601,
        1.1109080455859919,
        1.173412599932366,
        1.2413446436958162,
        1.315351243337124,
        1.3961788491449045,
        1.4846921915684512,
        1.581897506003702,
        1.6889712573856357,
        1.8072959050001636
      ],
      [
        1.0,
        1.053267832157601,
        1.1109080455859919,
        1.1734125999323664,
        1.2413446436958162,
        1.3153512433371244,
        1.3961788491449045,
        1.4846921915684512,
        1.5818975060037022,
        1.688971257385636,
        1.8072959050001638
      ],
      [
        1.0,
        1.0532678321576012,
        1.110908045585992,
        1.1734125999323661,
        1.2413446436958162,
        1.3153512433371244,
        1.3961788491449045,
        1.4846921915684512,
        1.5818975060037022,
        1.688971257385636,
        1.8072959050001638
      ]
    ],
    "optimal_mu_g": 0.1,
    "optimal_b": 10.0,
    "max_yield": 0.0019416134758626826
  },
  "head_to_head_comparison": {
    "test_energy": 10.0,
    "test_mu_g": 0.3,
    "no_running_yield": 0.005822180143174816,
    "running_enhancements": {
      "b=2": 1.1644360374748495,
      "b=5": 1.4990102127750446,
      "b=10": 2.491509873980327
    }
  },
  "analysis_status": {
    "running_coupling_implemented": true,
    "parameter_sweep_completed": true,
    "yield_curves_generated": true,
    "gain_factors_tabulated": true,
    "optimization_performed": true
  }
}